class_name,precision,recall,f1-score,support
AKIEC,0.3090909090909091,0.37777777777777777,0.34,45
BCC,0.862533692722372,0.8465608465608465,0.8544726301735648,378
BEN_OTH,1.0,0.14285714285714285,0.25,7
BKL,0.3717948717948718,0.35365853658536583,0.3625,82
DF,0.5,0.25,0.3333333333333333,8
INF,0.5,0.25,0.3333333333333333,8
MAL_OTH,0.0,0.0,0.0,1
MEL,0.5217391304347826,0.5373134328358209,0.5294117647058824,67
NV,0.7363636363636363,0.7232142857142857,0.7297297297297297,112
SCCKA,0.45555555555555555,0.5774647887323944,0.5093167701863354,71
VASC,1.0,0.5714285714285714,0.7272727272727273,7
macro avg,0.5688252541783752,0.42093412568110955,0.451760935339537,786
weighted avg,0.6898316790097063,0.678117048346056,0.6788189634581472,786
